Name,Firm Short Name,City,State,Location,Website,Firm LinkedIn,Firm Facebook,Firm Twitter,Owner / CEO Name,First Name,Last Name,Salutation,Status,Email,Source,LinkedIn,Notes,Phone,Contact Type,Seller City,Seller State,Veteran status,University affiliation,Pro team affiliation,Business RecordID,Star Ratings,Number of Reviews,Google Maps URL
Avidyne,Avidyne,Melbourne,Florida,"Melbourne, Florida",www.avidyne.com,http://www.linkedin.com/company/avidyne,http://www.facebook.com/avidyne,http://www.twitter.com/avidyne1,Dan Schwinn,.,,,Uncontacted,dschwinn@avidyne.com,https://hunter.io/find/www.avidyne.com/Dan%20Schwinn,https://www.linkedin.com/in/dan-schwinn-2aa64/,,,Potential Seller,,,N,,,reccGiFgwfIoxDmGm,4.8,9,"https://www.google.com/maps/place/Avidyne/@28.1140012,-80.6933617,17z/data=!3m1!4b1!4m6!3m5!1s0x88de0ee5aaba0715:0xa991a0919a2dbc02!8m2!3d28.1140012!4d-80.6907814!16s%2Fg%2F11b6qfk3r1?entry=ttu"
Foundry Commercial,Foundry,Orlando,Florida,"Orlando, Florida",www.crewscommercecenter.com,http://www.linkedin.com/company/foundry-commercial,http://www.facebook.com/foundrycommercial,http://www.twitter.com/foundrycre,Paul Ellis,.,,,Uncontacted,paul.ellis@cnl.com,https://hunter.io/find/https://www.foundrycommercial.com//Paul%20Ellis,https://www.linkedin.com/in/paulelliscnlcre,,13216623817,Potential Seller,,,N,University of Flordia,,receWCoGftI885TQF,4.6,11,"https://www.google.com/maps/place/Foundry+Commercial/@28.5382682,-81.3820214,17z/data=!3m1!4b1!4m6!3m5!1s0x88e77b01e833f175:0x6bedde8118d61c1c!8m2!3d28.5382682!4d-81.3794411!16s%2Fg%2F1v1tnxm1?entry=ttu"
BMR Suspension,BMR,Seffner,Florida,"Seffner, Florida",www.bmrsuspension.com,http://www.linkedin.com/company/bmr-suspension-inc.,http://www.facebook.com/bmrsuspensioninc,http://www.twitter.com/bmrsuspension,Allan Miller,.,,,Uncontacted,allan@bmrsuspension.com,https://hunter.io/find/www.bmrsuspension.com/Allan%20Miller,https://www.linkedin.com/in/allan-miller-8799701,,,Potential Seller,,,N,Northwestern University ,,recDc1otOnqPbUJOM,4.1,38,"https://www.google.com/maps/place/BMR+Suspension/@28.0101422,-82.291275,17z/data=!3m1!4b1!4m6!3m5!1s0x88c2ca04f46d1cad:0xc38732beae58d7de!8m2!3d28.0101422!4d-82.2886947!16s%2Fg%2F1tfvzy9x?entry=ttu"
Riverview Garage Doors,Riverview Garage Doors,Riverview,Florida,"Riverview, Florida",www.riverviewgaragedoors.com,http://www.linkedin.com/company/riverview-garage-doors,http://www.facebook.com/riverviewgaragedoors,,--,.,,,Uncontacted,,,,,,Potential Seller,,,,,,recRcJz53OhzPxXBV,4.9,8,"https://www.google.com/maps/place/Riverview+A+Garage+Door+Repair/@27.8543723,-82.3028263,17z/data=!3m1!4b1!4m6!3m5!1s0x88c2d3a5ae4f53cb:0x4448b7701e6ba3b5!8m2!3d27.8543723!4d-82.300246!16s%2Fg%2F11ty7d7r43?entry=ttu"
Rigel Medical,Rigel,Tampa,Florida,"Tampa, Florida",www.rigelmedical.com,http://www.linkedin.com/company/rigel-medical,http://www.facebook.com/rigelmedical,http://www.twitter.com/rigelmedicalusa,Chris Callan,.,,,Uncontacted,chrisc@rigelmedical.com,https://hunter.io/find/www.rigelmedical.com/Chris%20Callan,https://uk.linkedin.com/in/chris-callan-19204133,,,Potential Seller,,,N,,,reczEh8EK2IFtTmcq,,,
Discount Garage Doors,DGD,Brooksville,Florida,"Brooksville, Florida",www.bankogaragedoors.com,http://www.linkedin.com/company/discount-garage-doors-inc,http://www.facebook.com/dunndoors,http://www.twitter.com/discountgarage,--,.,,,Uncontacted,,,,,,Potential Seller,,,,,,rec4i1mrCDVNdUhaj,4.8,"1,690","https://www.google.com/maps/place/DGD+Garage+Doors/@28.536736,-82.5032415,17z/data=!3m1!4b1!4m6!3m5!1s0x88e81d9555555555:0x49c3491883e98d8d!8m2!3d28.536736!4d-82.5006612!16s%2Fg%2F11b7q94mbj?entry=ttu"
iSOCRATES,iSOCRATES,Saint Petersburg,Florida,"Saint Petersburg, Florida",www.isocrates.com,http://www.linkedin.com/company/isocrates-llc,http://www.facebook.com/isocratesllc,http://www.twitter.com/isocrates,William Lederer,.,,,Uncontacted,william.lederer@isocrates.com,https://hunter.io/find/www.isocrates.com/William%20Lederer,https://www.linkedin.com/in/billederer,,,Potential Seller,,,N,Roosevelt University ,,recOIRmiGyJovETHN,4.5,2,"https://www.google.com/maps/place/iSOCRATES+LLC/@27.7590668,-82.6413184,17z/data=!3m1!4b1!4m6!3m5!1s0x88c2e16b7a34937f:0xd5085d4d7730dfeb!8m2!3d27.7590668!4d-82.6387381!16s%2Fg%2F11h3jhnbp2?entry=ttu"
AAA Rousse Services,AAA Rousse,Saint Petersburg,Florida,"Saint Petersburg, Florida",www.aaarousse.com,http://www.linkedin.com/company/aaa-rousse,http://www.facebook.com/aaarousse.junk.removal.tampa.fl,http://www.twitter.com/junkremoved,Robert Hindes,.,,,Uncontacted,robert@aaarousse.com,https://hunter.io/find/www.aaarousse.com/Robert%20Hindes,https://www.linkedin.com/in/robert-hindes-aa006ab9,,,Potential Seller,,,N,,,recPRmrjkJK8YgzmK,,,
Mission Critical Solutions of Tampa,MCS,Tampa,Florida,"Tampa, Florida",www.missioncriticalsolutions.net,http://www.linkedin.com/company/mission-critical-solutions,http://www.facebook.com/missioncriticalsolutions.tampa,http://www.twitter.com/mcsoftampa,Gilbert Gonzalez,.,,,Uncontacted,danny@threatlocker.com,https://hunter.io/find/www.missioncriticalsolutions.net/Gilbert%20Gonzalez,https://www.linkedin.com/in/gilbert-gonzalez-b02baa3,,,Potential Seller,,,N,University of South Florida,,recmOqPH4B3rtgdMx,3.8,33,"https://www.google.com/maps/place/Mission+Critical+Solutions/@28.0302982,-82.5314575,17z/data=!3m1!4b1!4m6!3m5!1s0x88c2c396aaaaaaab:0xec939de908ba869f!8m2!3d28.0302982!4d-82.5288772!16s%2Fg%2F113h9kgt0?entry=ttu"
Interop Technologies,Interop,Fort Myers,Florida,"Fort Myers, Florida",www.interoptechnologies.com,http://www.linkedin.com/company/interop-technologies,http://www.facebook.com/interoptechnologies,http://www.twitter.com/interoptechnolo,John Dwyer,.,,,Uncontacted,john.dwyer@interoptechnologies.com,https://hunter.io/find/www.interoptechnologies.com/John%20Dwyer,https://www.linkedin.com/in/john-dwyer-7319141,,,Potential Seller,,,N,,,recGs9xWE61JQASAH,5,6,"https://www.google.com/maps/place/Interop+Technologies,+LLC/@26.5456514,-81.8122518,17z/data=!3m1!4b1!4m6!3m5!1s0x88db14c4eef3f137:0xcf5e0416e752a234!8m2!3d26.5456514!4d-81.8096715!16s%2Fg%2F1v7tm5j2?entry=ttu"
Eustis Roofing,Eustits Roofing,Tavares,Florida,"Tavares, Florida",www.eustisroofing.com,http://www.linkedin.com/company/eustis-roofing,http://www.facebook.com/eustisroofingcompany,,Rodney Reisman,.,,,Uncontacted,,,,,,Potential Seller,,,,,,recvf5GaZ0C8R7Kcz,4.9,884,"https://www.google.com/maps/place/Eustis+Roofing+Company/@28.8037056,-81.705177,17z/data=!3m1!4b1!4m6!3m5!1s0x88e7bd4556d67a99:0xf3e0a7f456b52051!8m2!3d28.8037056!4d-81.7025967!16s%2Fg%2F1tjjq5x8?entry=ttu"
CoreAVI,CoreAVI,Tampa,Florida,"Tampa, Florida",www.coreavi.com,http://www.linkedin.com/company/coreavi,http://www.facebook.com/imgtec,http://www.twitter.com/coreavi,Damian Fozard,.,,,Uncontacted,damian@coreavi.com,https://hunter.io/find/www.coreavi.com/Damian%20Fozard,https://ca.linkedin.com/in/damian-fozard-312a0949,,,Potential Seller,,,N,The University of Wolverhampton ,,recD7UDak8VrlXznR,,,
Ocean Optics,Ocean Optics,Largo,Florida,"Largo, Florida",www.oceanoptics.com,http://www.linkedin.com/company/ocean-insight,http://www.facebook.com/ocean-optics-inc-1450085871973155,http://www.twitter.com/oceanoptics,Mike Morris,.,,,Uncontacted,,https://hunter.io/find/www.oceanoptics.com/Mike%20Morris,https://www.linkedin.com/in/spectrecology,,17277330782,Potential Seller,,,N,University of South Flordia ,,recdRbqHlCyd4k05E,,,
Amphenol Custom Cable,Amphenol,Tampa,Florida,"Tampa, Florida",www.customcable.com,http://www.linkedin.com/company/custom-cable,http://www.facebook.com/mf-lightwave-141476105967803,http://www.twitter.com/aphcustomcable,Stewart Saad,.,,,Uncontacted,ssaad@customcable.com,https://hunter.io/find/www.customcable.com/Stewart%20Saad,https://www.linkedin.com/in/stewart-saad-3a020224/,,,Potential Seller,,,N,University of South Flordia ,,recc46gwxbRhxmycZ,3.4,15,"https://www.google.com/maps/place/Custom+Cable+Industries+Inc/@27.9729976,-82.3464415,17z/data=!3m1!4b1!4m6!3m5!1s0x88c2cedf12074b45:0xce9868a454fe5178!8m2!3d27.9729976!4d-82.3438612!16s%2Fg%2F1v3lqrdy?entry=ttu"
Puzzle HR,PuzzleHR,Tampa,Florida,"Tampa, Florida",www.puzzlehr.com,http://www.linkedin.com/company/puzzlehr,,http://www.twitter.com/hrpuzzle,Lonny Ostrander,.,,,Uncontacted,lonny@puzzlehr.com,https://hunter.io/find/www.puzzlehr.com/Lonny%20Ostrander,https://www.linkedin.com/in/lonnyostrander/,,,Potential Seller,,,N,University of South Flordia ,,rec0fzX9sJLVZIxgD,4.2,5,"https://www.google.com/maps/place/PuzzleHR/@27.9645649,-82.5141452,17z/data=!3m2!4b1!5s0x88c2c3ae5dbec781:0x14e968b26960d9ff!4m6!3m5!1s0x82084c47d91363e1:0x3a5e438df5ab72c!8m2!3d27.9645649!4d-82.5115649!16s%2Fg%2F11txmpkyrb?entry=ttu"
GeoTel Communications,GeoTel,Lake Mary,Florida,"Lake Mary, Florida",www.geo-tel.com,http://www.linkedin.com/company/geotel-communications,http://www.facebook.com/geotelcommunications,http://www.twitter.com/geotel,Dave Drazen,.,,,Uncontacted,davedrazen@geo-tel.com,https://hunter.io/find/www.geo-tel.com/Dave%20Drazen,https://www.linkedin.com/in/davedrazen,,,Potential Seller,,,N,Massachusetts Institute of Technology ,,rec1DQ7QmGbV5zuRJ,5,1,"https://www.google.com/maps/place/GeoTel+Communications,+LLC/@28.7850199,-81.3615132,17z/data=!3m2!4b1!5s0x88e6f4ad01d1b4fd:0x124155a4216425e2!4m6!3m5!1s0x88e770e1e098d255:0xd33e46e1013c4a31!8m2!3d28.7850199!4d-81.3589329!16s%2Fg%2F1pp2wy88r?entry=ttu"
The APOC,APOC,Tampa,Florida,"Tampa, Florida",www.apoc.com,http://www.linkedin.com/company/apoc-coatings,http://www.facebook.com/apocroofingandwaterproofing,,Jay Doubman ,.,,,Uncontacted,jay.doubman.wg99@wharton.upenn.edu,https://hunter.io/find/www.apoc.com/Jay%20Doubman,https://www.linkedin.com/in/jay-doubman,,17147749126,Potential Seller,,,N,The Wharton School ,,recnJONbvrREk607t,,,
Flight Data Systems,Flight Data Systems,Sarasota,Florida,"Sarasota, Florida",www.flightdata.aero,http://www.linkedin.com/company/flight-data-systems-limited,http://www.facebook.com/flightdatasystems,http://www.twitter.com/flightdatasys,Anthony Rios,.,,,Uncontacted,anthony.rios@flightdata.aero,https://hunter.io/find/www.flightdata.aero/Anthony%20Rios,https://www.linkedin.com/in/anthony-rios-8731b710,,,Potential Seller,,,N,Flordia International University ,,recZblNUdvDKbDZfb,,,
SynDaver,SynDaver,Tampa,Florida,"Tampa, Florida",www.syndaver.com,http://www.linkedin.com/company/syndaver-labs,http://www.facebook.com/syndaver,http://www.twitter.com/syndaver,Christopher Sakezles,.,,,Uncontacted,c.sakezles@syndaver.com,https://hunter.io/find/www.syndaver.com/Christopher%20Sakezles,https://www.linkedin.com/in/csakezles,,,Potential Seller,,,N,,,recr4IS11HmFyFK2I,4.5,8,"https://www.google.com/maps/place/SynDaver/@28.0281314,-82.5430923,17z/data=!3m1!4b1!4m6!3m5!1s0x88c2c7b5951c6c6b:0xe1af8fd379db085e!8m2!3d28.0281314!4d-82.540512!16s%2Fg%2F1vlqq_d2?entry=ttu"
Mainstream Engineering,Mainstream Engineering,Rockledge,Florida,"Rockledge, Florida",www.mainstream-engr.com,http://www.linkedin.com/company/mainstream-engineering-corporation,http://www.facebook.com/qwikproducts,http://www.twitter.com/qwikproducts,Robert Scaringe,.,,,Uncontacted,rscaringe@mainstream-engr.com,https://hunter.io/find/www.mainstream-engr.com/Robert%20Scaringe,https://www.linkedin.com/in/robert-scaringe-6a818910,,,Potential Seller,,,N,Resselaer Polytechnic Institute ,,reczlj7VLQHR2vuBL,4.7,157,"https://www.google.com/maps/place/Mainstream+Engineering+Corporation/@28.2908281,-80.7054718,17z/data=!3m1!4b1!4m6!3m5!1s0x88de03c6cdab13c9:0x6f0d411bb9ddef65!8m2!3d28.2908281!4d-80.7028915!16s%2Fg%2F1tlnf7vl?entry=ttu"
AirNet Communications,,Melbourne,Florida,"Melbourne, Florida",www.aircom.com,http://www.linkedin.com/company/31469,,http://www.twitter.com/airnetsystems,--,.,,,Uncontacted,--,--,--,,,Potential Seller,,,,,,recaXWpcQtvgQQWvV,,,
BICSI,BICSI,Tampa,Florida,"Tampa, Florida",www.bicsi.org,http://www.linkedin.com/company/bitsi-consulting,http://www.facebook.com/bicsi,http://www.twitter.com/bicsi,John Daniels,.,,,Uncontacted,jdaniels@bicsi.org,https://hunter.io/find/www.bicsi.org/John%20Daniels,https://www.linkedin.com/in/john-h-daniels,,,Potential Seller,,,N,Central Michigan University ,,recpXRMlRiMNpP0Yk,4,30,"https://www.google.com/maps/place/BICSI/@28.0766285,-82.3651889,17z/data=!3m1!4b1!4m6!3m5!1s0x88c2c823149482a3:0x7caf82f6c37a617d!8m2!3d28.0766285!4d-82.3626086!16s%2Fg%2F1tgdjslc?entry=ttu"
Actsoft,Actsoft,Tampa,Florida,"Tampa, Florida",www.actsoft.com,http://www.linkedin.com/company/actsoft,http://www.facebook.com/actsoft,http://www.twitter.com/actsoft,Tom Mitchell,.,,,Uncontacted,tmitchell@actsoft.com,https://hunter.io/find/www.actsoft.com/Tom%20Mitchell,https://www.linkedin.com/in/tom-mitchell-897946a,,,Potential Seller,,,N,University of Flordia ,,recXZnL0C4f2VOrY2,3.8,21,"https://www.google.com/maps/place/Actsoft,+Inc./@28.0408658,-82.509184,17z/data=!3m1!4b1!4m6!3m5!1s0x88c2c11b8188cd37:0xc79d4ef9c88bea3b!8m2!3d28.0408658!4d-82.5066037!16s%2Fg%2F1tqg13c4?entry=ttu"
Satcom Direct,SD,Melbourne,Florida,"Melbourne, Florida",www.satcomdirect.com,http://www.linkedin.com/company/satcom-direct,http://www.facebook.com/satcomdirect,http://www.twitter.com/satcomdirect,Jim Jensen,.,,,Uncontacted,jjensen@satcomdirect.com,https://hunter.io/find/www.satcomdirect.com/Jim%20Jensen,--,,,Potential Seller,,,N,,,recWCryqVrmi70H1g,4.9,10,"https://www.google.com/maps/place/Satcom+Direct/@28.0984183,-80.664119,17z/data=!3m1!4b1!4m6!3m5!1s0x88de0e30c022da65:0x2de059758bfd2049!8m2!3d28.0984183!4d-80.6615387!16s%2Fg%2F1260s4kcf?entry=ttu"
Dixie Southern,DS,Mulberry,Florida,"Mulberry, Florida",www.dixiesouthern.com,http://www.linkedin.com/company/dixie-southern,http://www.facebook.com/dixie-southern-160552234045436,http://www.twitter.com/dixiesouthern_,Mike Curry,.,,,Uncontacted,mikecurry@dsisteel.com,https://hunter.io/find/www.dixiesouthern.com/Mike%20Curry,https://www.linkedin.com/in/mike-curry-46489732/,,18636734382,Potential Seller,,,N,University of South Flordia ,,recTVLFzbB5fbH4Hw,,,
Gulf Mechanical Contractors,,Orlando,Florida,"Orlando, Florida",www.gulfmc.net,http://www.linkedin.com/company/gulf-mechanical-contractors-llc,http://www.facebook.com/gulfmechanicalcontractors,http://www.twitter.com/gulfmechanical,--,.,,,Uncontacted,--,https://hunter.io/find/www.gulfmc.net/--%20,--,,,Potential Seller,,,,,,recZUKcrBiHSou2Rc,3.3,27,"https://www.google.com/maps/place/Gulf+Mechanical+Contractors,+LLC/@28.808074,-81.9337911,17z/data=!3m1!4b1!4m6!3m5!1s0x88e7c1e0800ba861:0x251afca62fbc04aa!8m2!3d28.808074!4d-81.9312108!16s%2Fg%2F11b7q688s5?entry=ttu"
Seaward Electronic,Seaward,Tampa,Florida,"Tampa, Florida",www.seaward.com,http://www.linkedin.com/company/seaward-travel-limited,http://www.facebook.com/seawardgroup,http://www.twitter.com/seawardpat,Chris Callan,.,,,Uncontacted,,https://hunter.io/find/www.seaward.com/Chris%20Callan,https://uk.linkedin.com/in/chris-callan-19204133,,,Potential Seller,,,N,,,recqsbp5Cih3IVRrl,1,2,"https://www.google.com/maps/place/Seaward+Group+USA/@28.0056295,-82.5455608,17z/data=!3m1!4b1!4m6!3m5!1s0x88c2c1f5b94e4857:0xb8df18cdd16582cf!8m2!3d28.0056295!4d-82.5429805!16s%2Fg%2F1thl1n8w?entry=ttu"
Applicant Insight,aINSIGHT,New Port Richey,Florida,"New Port Richey, Florida",www.applicantinsight.com,http://www.linkedin.com/company/applicant-insight,http://www.facebook.com/applicant-insight-inc-32370373228,http://www.twitter.com/ainsight,John Danneberg,.,,,Uncontacted,jkd1970@aol.com,https://hunter.io/find/www.applicantinsight.com/John%20Danneberg,https://www.linkedin.com/in/john-danneberg-41933011,,19732168001,Potential Seller,,,N,,,recPxPGPVjz5Fdmn8,,,
Dual Electronics Corp,Dual,Heathrow,Florida,"Heathrow, Florida",www.dualav.com,http://www.linkedin.com/company/dual-uk-limited,http://www.facebook.com/dualelectronics,http://www.twitter.com/dualelectronics,Dad Logan,.,,,Uncontacted,,https://hunter.io/find/www.dualav.com/Dad%20Logan,https://www.linkedin.com/in/dad-logan-32805011,,,Potential Seller,,,N,,,rec5PmqjO29moHzZM,2.8,4,"https://www.google.com/maps/place/Dual+Electronic+Corporation/@28.7624193,-81.3683999,17z/data=!3m2!4b1!5s0x88e772c93e4b41d5:0x4c28385db3962023!4m6!3m5!1s0x88e70d32f5a75d85:0x81477f9e74a3744!8m2!3d28.7624193!4d-81.3658196!16s%2Fg%2F1td6h958?entry=ttu"
ACS Laboratory,ACS,Sun City Center,Florida,"Sun City Center, Florida",www.acslabcannabis.com,http://www.linkedin.com/company/883770,http://www.facebook.com/americanclinicalsolutions,http://www.twitter.com/acslabcannabis,Roger Brown,.,,,Uncontacted,roger.brown@acslabcannabis.com,https://hunter.io/find/www.acslabcannabis.com/Roger%20Brown,https://www.linkedin.com/in/roger-brown-75564525,,,Potential Seller,,,N,University of Flordia ,,recS88QqS1OqUNkIa,4.8,17,"https://www.google.com/maps/place/ACS+Laboratory/@27.7134188,-82.3724185,17z/data=!3m1!4b1!4m6!3m5!1s0x88c32992c68b0429:0xb6cd8d40282f7658!8m2!3d27.7134188!4d-82.3698382!16s%2Fg%2F11h4f_s6r3?entry=ttu"
InformedDNA,InformedDNA,Saint Petersburg,Florida,"Saint Petersburg, Florida",www.informeddna.com,http://www.linkedin.com/company/informeddna,http://www.facebook.com/informeddnageneticexperts,http://www.twitter.com/informeddna,Surya Singh,.,,,Uncontacted,ssingh@informeddna.com,https://hunter.io/find/www.informeddna.com/Surya%20Singh,https://www.linkedin.com/in/surya-singh-md-8540032,,,Potential Seller,,,N,The John Hopkins University School of Medicine ,,recb06FSpreIHCqGN,1.9,8,"https://www.google.com/maps/place/InformedDNA/@27.7741579,-82.6359975,17z/data=!3m2!4b1!5s0x88c3545a69d767eb:0x13a08445b46452b1!4m6!3m5!1s0x88c2e68255892681:0x3316a6126c342962!8m2!3d27.7741579!4d-82.6334172!16s%2Fg%2F11d_ys82gj?entry=ttu"
AXI International,AXI,Fort Myers,Florida,"Fort Myers, Florida",www.axi-international.com,http://www.linkedin.com/company/axi-international,http://www.facebook.com/axi.international,http://www.twitter.com/axinternational,Christian Smith ,.,,,Uncontacted,--,https://hunter.io/find/www.axi-international.com/Christian%20Smith,https://www.linkedin.com/in/christian-smith-9301b978/,,,Potential Seller,,,N,N/A ,,recUsqIKsJNj971rg,4.5,11,"https://www.google.com/maps/place/AXI+International/@26.6683397,-81.8048042,17z/data=!3m1!4b1!4m6!3m5!1s0x88db6968493dd435:0xfd50c1a4eeb7339d!8m2!3d26.6683397!4d-81.8022239!16s%2Fg%2F1tg6qy3l?entry=ttu"
Radiant Power,Durkane Seacom,Sarasota,Florida,"Sarasota, Florida",www.dukaneseacom.com,http://www.linkedin.com/company/radiant-power-corp---a-heico-company,,http://www.twitter.com/alta_aero,Anish Patel,.,,,Uncontacted,,https://hunter.io/find/www.dukaneseacom.com/Anish%20Patel,https://www.linkedin.com/in/anishvpatel,,,Potential Seller,,,N,University of Cincinnati ,,recx5gj4CXX1A4JuP,4,3,"https://www.google.com/maps/place/Radiant+Power+Corporation/@27.4141934,-82.5475024,17z/data=!3m1!4b1!4m6!3m5!1s0x88c33e393697b399:0x9d3a33372da835ca!8m2!3d27.4141934!4d-82.5449221!16s%2Fg%2F1tx8t_lx?entry=ttu"
Abacode,Abacode,Tampa,Florida,"Tampa, Florida",www.abacode.com,http://www.linkedin.com/company/abacode-llc,http://www.facebook.com/abacodecyber,http://www.twitter.com/abacode_cyber,Michael Ferris,.,,,Uncontacted,michael.ferris@abacode.com,https://hunter.io/find/www.abacode.com/Michael%20Ferris,https://www.linkedin.com/in/michael-ferris-72280013,,,Potential Seller,,,N,Missouri Southern State University ,,reck8yKEId9kHEZU6,5,6,"https://www.google.com/maps/place/Abacode,+Inc/@27.96448,-82.5142963,17z/data=!3m2!4b1!5s0x88c2c3ae5dbec781:0x14e968b26960d9ff!4m6!3m5!1s0x88c2c48c393c45ab:0x6fc8362092f7291a!8m2!3d27.96448!4d-82.511716!16s%2Fg%2F11bc8brgcb?entry=ttu"
Finexio,Finexio,Orlando,Florida,"Orlando, Florida",www.finexio.com,http://www.linkedin.com/company/finexio,,http://www.twitter.com/finexiopayments,Ernest Rolfson,.,,,Uncontacted,ernest@finexio.com,https://hunter.io/find/www.finexio.com/Ernest%20Rolfson,https://www.linkedin.com/in/ernestrolfson,,,Potential Seller,,,N,University College London ,,recp1CfiSWa099Zrt,,,
ACR1.COM Commercial Roofing,ACR1,Waverly,Florida,"Waverly, Florida",www.acr1.com,http://www.linkedin.com/company/acr1.com-commercial-roofing,http://www.facebook.com/acr1.comcommercialroofing,http://www.twitter.com/acrroofing1,Joe Jackson,.,,,Uncontacted,jjackson@acr1.com,https://hunter.io/find/www.acr1.com/Joe%20Jackson,https://www.linkedin.com/in/joe-jackson-13651713,,,Potential Seller,,,N,,,recW8RLUBRsyqqq8F,2.2,10,"https://www.google.com/maps/place/ACR1.COM+Commercial+Roofing/@27.9789488,-81.6223091,17z/data=!3m1!4b1!4m6!3m5!1s0x88dd0c6bf9f510d5:0xcfb957ab7e770b30!8m2!3d27.9789488!4d-81.6197288!16s%2Fg%2F1tq6kwwm?entry=ttu"
ComDesign Infrastructure Solutions,ComDesign,Saint Petersburg,Florida,"Saint Petersburg, Florida",www.comdesigninc.com,http://www.linkedin.com/company/comdesign-infrastructure-solutions-inc.,,,--,.,,,Uncontacted,--,--,--,,,Potential Seller,,,N,,,recT8CXRQQ2nhA8kD,4.6,9,"https://www.google.com/maps/place/ComDesign/@27.8919008,-82.7103424,17z/data=!3m1!4b1!4m6!3m5!1s0x88c2e42efb9a641d:0x68b0e7699854511b!8m2!3d27.8919008!4d-82.7077621!16s%2Fg%2F1tfqb01x?entry=ttu"
Pure Air Control Services,Pure Air Control Services,Clearwater,Florida,"Clearwater, Florida",www.pureaircontrols.com,http://www.linkedin.com/company/pure-air-control-services,http://www.facebook.com/pureaircontrols,http://www.twitter.com/iaq_expert,--,.,,,Uncontacted,--,--,--,,,Potential Seller,,,,,,rec7vo0hYqclSwVjG,,,
Clare Controls,Clare Controls,Sarasota,Florida,"Sarasota, Florida",www.clarecontrols.com,http://www.linkedin.com/company/clare-controls,http://www.facebook.com/clarecontrols,http://www.twitter.com/clarecontrols,Brett Price,.,,,Uncontacted,brett.price@clarecontrols.com,https://hunter.io/find/www.clarecontrols.com/Brett%20Price,https://www.linkedin.com/in/brett-price-8933b222/,,,Potential Seller,,,N,Cornell University ,,recculio6plVkdzqI,2.7,12,"https://www.google.com/maps/place/Clare+Controls/@27.4066705,-82.5571364,17z/data=!3m1!4b1!4m6!3m5!1s0x88c33e2f012f23a7:0xd3a26cf52601e96a!8m2!3d27.4066705!4d-82.5545561!16s%2Fg%2F11bbx0bzy7?entry=ttu"
Diametriq,Diametriq,Melbourne,Florida,"Melbourne, Florida",www.diametriq.com,http://www.linkedin.com/company/diametriq,http://www.facebook.com/diametriq,http://www.twitter.com/diametriq,Anjan Ghosal,.,,,Uncontacted,aghosal@diametriq.com,https://hunter.io/find/www.diametriq.com/Anjan%20Ghosal,https://www.linkedin.com/in/anjanghosal/,,,Potential Seller,,,N,West Virgina University ,,recnaCDTX4NLCpOnd,,,
Wallace-Kuhl & Associates,Wallace-Kuhl & Associates,Orlando,Florida,"Orlando, Florida",www.wallace-kuhl.com,http://www.linkedin.com/company/river-city-geoprofessionals-inc.-dba-wallace-kuhl-&-associates,,,--,.,,,Uncontacted,--,--,--,,,Potential Seller,,,,,,rec8HnzrVl5CYli5X,,,
Tetratos,Tetratos,Tampa,Florida,"Tampa, Florida",www.tetratos.com,http://www.linkedin.com/company/tetratos,http://www.facebook.com/tetatros,http://www.twitter.com/tetratost,--,.,,,Uncontacted,--,--,--,,,Potential Seller,,,,,,recYw79In50u3aUiy,,,
Sienna Group,Sienna Group,Tampa,Florida,"Tampa, Florida",www.siennasecure.com,http://www.linkedin.com/company/sienna-group-llc,,http://www.twitter.com/siennasecure,--,.,,,Uncontacted,--,--,--,,,Potential Seller,,,,,,recK2QmE8sKAnaYLk,,,
BRISA America,BRISA,Celebration,Florida,"Celebration, Florida",www.brisausa.com,http://www.linkedin.com/company/brisa-america-corp,http://www.facebook.com/brisacorpusa,http://www.twitter.com/brisa_usa,Paulo Toledo,.,,,Uncontacted,paulo.toledo@brisausa.com,https://hunter.io/find/www.brisausa.com/Paulo%20Toledo,https://www.linkedin.com/in/paulo-toledo-8b2867112/,,,Potential Seller,,,N,FIA - Fundação Instituto de AdministraçãoFIA - Fundação Instituto de Administração,,recP1u1FmxHDbhKPF,,,
i-Tech Support,i-Tech Support,Ocoee,Florida,"Ocoee, Florida",www.i-techsupport.com,http://www.linkedin.com/company/i-tech-support-inc-,http://www.facebook.com/itechsupport,http://www.twitter.com/evmcculloch,--,.,,,Uncontacted,--,--,--,,,Potential Seller,,,,,,recdLdYM5K2qJa9Xd,4.9,121,"https://www.google.com/maps/place/i-Tech+Support,+Inc/@28.5495462,-81.540078,17z/data=!3m1!4b1!4m6!3m5!1s0x88e77b01e833f175:0x55ecd25038f09ec2!8m2!3d28.5495462!4d-81.5374977!16s%2Fg%2F1wbrym02?entry=ttu"
Textron Aviation,Textron Aviation,Orlando,Florida,"Orlando, Florida",www.businessjet.com.cn,,,,--,.,,,Uncontacted,--,--,--,,,Potential Seller,,,,,,recmAgVxr7SPcAOGa,4,27,"https://www.google.com/maps/place/Textron+Aviation+Orlando+Service+Center/@28.447005,-81.3341611,17z/data=!3m1!4b1!4m6!3m5!1s0x88e76328e2eecd9d:0x822d4c3f3de80794!8m2!3d28.447005!4d-81.3315808!16s%2Fg%2F1tp_76hb?entry=ttu"
ProActive Technologies,ProActive,Oviedo,Florida,"Oviedo, Florida",www.proactivetechinc.com,http://www.linkedin.com/company/proactive-technologies-llc,http://www.facebook.com/pro-active-technologies-1006190379423414,,--,.,,,Uncontacted,--,--,--,,,Potential Seller,,,,,,recNm9rmjPnkOZTbj,4.4,16,"https://www.google.com/maps/place/ProActive+Technologies+Inc/@28.6247714,-81.218126,17z/data=!3m1!4b1!4m6!3m5!1s0x88e76903a454c23b:0xf9586f98b0765190!8m2!3d28.6247714!4d-81.2155457!16s%2Fg%2F1264nnygs?entry=ttu"
Aircraft Service International Group,ASIG,Orlando,Florida,"Orlando, Florida",www.aviationservicesintgroup.com,http://www.linkedin.com/company/aircraft-services-intl'-inc.,http://www.facebook.com/asigfriends,http://www.twitter.com/flyasig,--,.,,,Uncontacted,--,--,--,,,Potential Seller,,,,,,reco1BiPJwJFeraCe,,,
Radio One,Radio One,Orlando,Florida,"Orlando, Florida",www.radio1inc.com,http://www.linkedin.com/company/communications-international-inc-,http://www.facebook.com/ask4ci,http://www.twitter.com/dts_solutionsuk,--,.,,,Uncontacted,--,--,--,,,Potential Seller,,,,,,recV4M5FQyDzFOz2x,4.8,5,"https://www.google.com/maps/place/Radio+One/@28.5047216,-81.435274,17z/data=!3m1!4b1!4m6!3m5!1s0x88e77ef16883daa1:0xb83c685c223978bd!8m2!3d28.5047216!4d-81.4326937!16s%2Fg%2F1w2y_8b6?entry=ttu"
Ambor Structures,Ambor Structures,North Port,Florida,"North Port, Florida",www.amborstructures.com,http://www.linkedin.com/company/ambor-structures-inc-,http://www.facebook.com/amborstructures,http://www.twitter.com/amborstructures,Louis Chang,.,,,Uncontacted,--,https://hunter.io/find/www.amborstructures.com/Louis%20Chang,https://www.linkedin.com/in/louischang07,,,Potential Seller,,,N,The University of Chicago Booth School of Busniess ,,rec2n3vFdFIAGb7oq,,,
Conti Federal Services,Conti,Orlando,Florida,"Orlando, Florida",www.contifederal.com,http://www.linkedin.com/company/conti-federal-services-inc.,http://www.facebook.com/contifederal,http://www.twitter.com/contifederal,Peter Ceribelli,.,,,Uncontacted,pceribelli@contifederal.com,https://hunter.io/find/www.contifederal.com/Peter%20Ceribelli,https://www.linkedin.com/in/peter-ceribelli-2211455,,,Potential Seller,,,N,Bloomsburg University of Pennsylvania ,,recIjDgIK9cBp3xa1,2.8,9,"https://www.google.com/maps/place/Conti+Federal+Services/@28.6029758,-81.221674,17z/data=!3m1!4b1!4m6!3m5!1s0x88e769c009280f5d:0xff6f612e4d393fae!8m2!3d28.6029758!4d-81.2190937!16s%2Fg%2F11ny25991k?entry=ttu"
xG Technology,xG Technology,Sarasota,Florida,"Sarasota, Florida",www.xgtechnology.com,http://www.linkedin.com/company/xg-technology-inc,http://www.facebook.com/257252613117,http://www.twitter.com/xgtechnology,--,.,,,Uncontacted,----,--,--,,,Potential Seller,,,,,,recqEKiTXdd1EUx7u,,,
Cigent Technology,Cigent,Fort Myers,Florida,"Fort Myers, Florida",www.cigent.com,http://www.linkedin.com/company/cigent,http://www.facebook.com/cigent,http://www.twitter.com/cigenttech,John Benkert,.,,,Uncontacted,john@cigent.com,https://hunter.io/find/www.cigent.com/John%20Benkert,https://www.linkedin.com/in/john-benkert-70b54651,,,Potential Seller,,,Y,Texas A&M University School of Law ,,recfoec5czrOXZJve,,,
Elutions,Elutions,Tampa,Florida,"Tampa, Florida",www.getcontrolmaestro.com,http://www.linkedin.com/company/elutions-ltd,http://www.facebook.com/elutions,http://www.twitter.com/elutionsgroup,William Doucas,.,,,Uncontacted,,https://hunter.io/find/www.getcontrolmaestro.com/William%20Doucas,https://www.linkedin.com/in/williamdoucas,,,Potential Seller,,,N,Georgetown University ,,rec4hHCe4ulXksOTj,5,2,"https://www.google.com/maps/place/Elutions+Inc/@27.9498918,-82.4583434,17z/data=!3m1!4b1!4m6!3m5!1s0x88c2c48afbbc0de5:0xab0a9cc963736f9!8m2!3d27.9498918!4d-82.4557631!16s%2Fg%2F12621np6c?entry=ttu"
Paper Money Guaranty,PMG,Sarasota,Florida,"Sarasota, Florida",www.pmgnotes.com,http://www.linkedin.com/company/paper-money-guaranty-llc,http://www.facebook.com/pmgnotes,http://www.twitter.com/pmgnotes,George Popstefanov,.,,,Uncontacted,,https://hunter.io/find/www.pmgnotes.com/George%20Popstefanov,https://www.linkedin.com/in/george-popstefanov-9188404,,,Potential Seller,,,N,Harvard Busniess School,,recBdwBoOn5xd43WD,2.7,32,"https://www.google.com/maps/place/Numismatic+Guaranty+Company/@27.3759342,-82.4260035,17z/data=!3m1!4b1!4m6!3m5!1s0x88c3385b0441d0f7:0x521cac778e9b6d71!8m2!3d27.3759342!4d-82.4234232!16s%2Fg%2F1tdpbdg2?entry=ttu"
Space Machine and Engineering,Space Machine and Engineering,Saint Petersburg,Florida,"Saint Petersburg, Florida",www.space-machine.com,http://www.linkedin.com/company/space-machine-&-engineering-corp-,http://www.facebook.com/space-machine-engineering-corp-349108408483727,,Sargoun Shammas,.,,,Uncontacted,sargoun.shammas@space-machine.com,https://hunter.io/find/www.space-machine.com/Sargoun%20Shammas,https://www.linkedin.com/in/sargoun-shammas,,,Potential Seller,,,N,University of South Flordia ,,recHsvWA299L035xK,4.5,4,"https://www.google.com/maps/place/Space+Machine+%26+Engineering+Corp/@27.7874711,-82.6672073,17z/data=!3m1!4b1!4m6!3m5!1s0x88c2e3c8cacf0571:0xbb2ee9410c4e6a25!8m2!3d27.7874711!4d-82.664627!16s%2Fg%2F1tmqmkw0?entry=ttu"
Clinical Pathology Laboratories,Clinical Pathology Laboratories,Kissimmee,Florida,"Kissimmee, Florida",www.cpllabs.com,http://www.linkedin.com/company/cpl-labs,,http://www.twitter.com/laboratoryeqas,Mark Silberman,.,,,Uncontacted,msilberman@cpllabs.com,https://hunter.io/find/www.cpllabs.com/Mark%20Silberman,https://www.linkedin.com/in/mark-silberman,,,Potential Seller,,,N,The John Hopkins University School of Medicine ,,recsnxPEZnXZr5l4f,5,1,"https://www.google.com/maps/place/Central+Florida+Pathology+Asc/@28.3175118,-81.407931,17z/data=!3m1!4b1!4m6!3m5!1s0x88dd86987d6281a3:0xb10175c1290630c6!8m2!3d28.3175118!4d-81.4053507!16s%2Fg%2F12609p93h?entry=ttu"
Agent eNews,Agent eNews,Clearwater,Florida,"Clearwater, Florida",www.agentenews.com,http://www.linkedin.com/company/1589721,http://www.facebook.com/agentlinkmarketing,http://www.twitter.com/agent_enews,--,.,,,Uncontacted,----,----,----,,,Potential Seller,,,,,,recNjj8AAlVtBNESB,,,
Industrial Communications and Electronics,Industrial Communications and Electronics,Fort Myers,Florida,"Fort Myers, Florida",radios.induscom.com,http://www.linkedin.com/company/industrial-communications,http://www.facebook.com/industrialcommunications,http://www.twitter.com/induscomm,Charles Adams,.,,,Uncontacted,----,https://hunter.io/find/radios.induscom.com/Charles%20Adams,https://www.linkedin.com/in/charles-adams-a9813414,,,Potential Seller,,,N,Kutztown University ,,recgdKhe7pZvmW4fL,,,
Cove Behavioral Health,Cove Behavioral Health,Tampa,Florida,"Tampa, Florida",www.covebh.org,http://www.linkedin.com/company/covebehavioral,http://www.facebook.com/covebehavioral,http://www.twitter.com/covebehavioral,--,.,,,Uncontacted,--,--,--,,,Potential Seller,,,,,,recAjj32pPobW97LO,,,
